timestamp,open,high,low,close,volume,trades,return,log_return,cumulative_return,sharpe_ratio,cum_max,drawdown,turnover
2024-12-30 00:00:00+00:00,1.0418166348198585,1.0418166348198585,0.9181386690826624,0.9285924087798502,55271.07918133401,47,0.08080933580644478,0.07771014549335269,0.08080933580644478,2.069996961001019,0.9285924087798502,0.0,59521.355827105006
2024-12-29 00:00:00+00:00,1.054796992028954,1.062809214969695,1.0447754564961962,1.0447754564961962,14418.437874770814,27,0.125117378322108,0.11788736650004994,0.21603736636860593,2.069996961001019,1.0447754564961962,0.0,13800.513579372458
2024-12-28 00:00:00+00:00,1.1243569388718015,1.1278707829450219,1.0551277018168794,1.0551277018168794,26251.006832042483,25,0.009908583951044436,0.00985981581724585,0.22808657470087623,2.069996961001019,1.0551277018168794,0.0,24879.459412201486
2024-12-27 00:00:00+00:00,1.1354610174697644,1.1363173451918533,1.1243841027082961,1.1243841027082961,4504.932611582551,16,0.0656379325195997,0.06357361750487675,0.3086956384193187,2.069996961001019,1.1243841027082961,0.0,4006.5780018870337
2024-12-26 00:00:00+00:00,1.1327482531262114,1.137518040448269,1.1281303829303937,1.1354284219851647,5497.6028575843775,10,0.009822550185711654,0.009774622531931081,0.3215503670055144,2.069996961001019,1.1354284219851647,0.0,4841.875323124691
2024-12-25 00:00:00+00:00,1.1324038819508209,1.1355846467516175,1.132237063559091,1.132237063559091,2758.395001720175,11,-0.002810708596226563,-0.002814666054881232,0.31783587402862556,2.069996961001019,1.1354284219851647,-0.002810708596226563,2436.2345046799605
2024-12-24 00:00:00+00:00,1.097368575505796,1.132615300593341,1.0930728901562603,1.132615300593341,30412.26779993965,20,0.00033406169646221784,0.0003340059102773688,0.31827611251636223,2.069996961001019,1.1354284219851647,-0.0024775858498462533,26851.36584682163
2024-12-23 00:00:00+00:00,1.1085819675521273,1.1127879650940733,1.0964457402853518,1.097697613292424,12259.603682295208,19,-0.03082925622020527,-0.031314476442755985,0.27763464047461905,2.069996961001019,1.1354284219851647,-0.03323045994107898,11168.470746259405
2024-12-22 00:00:00+00:00,1.1564417410587715,1.1564417410587715,1.107348738738614,1.108909656218316,17053.396709173936,17,0.010214145307524847,0.010162333435987651,0.29068458634235417,2.069996961001019,1.1354284219851647,-0.02335573538002833,15378.526657735729
2024-12-21 00:00:00+00:00,1.1233033162319694,1.1817063322104648,1.1233033162319694,1.1565168932357783,147645.72149127853,26,0.042931574047083254,0.0420355689260609,0.34609570723234007,2.069996961001019,1.1565168932357783,0.0,127664.1286909227
2024-12-20 00:00:00+00:00,0.9798402632868649,0.9798402632868649,0.8778713553388914,0.8806603314659015,46617.05051026728,29,-0.23852359043201465,-0.2724960860263362,0.025020126078160176,2.069996961001019,1.1565168932357783,-0.23852359043201465,52934.20044555766
2024-12-19 00:00:00+00:00,1.0355703572885553,1.1526585922627637,0.9714625250538467,0.9714625250538467,104009.07814422714,24,0.10310694185214464,0.09813069101314462,0.13070681661497896,2.069996961001019,1.1565168932357783,-0.16001008654890847,107064.42653406736
2024-12-18 00:00:00+00:00,1.0599231560124383,1.0790758112824985,1.0357194864139434,1.0357194864139434,24832.916555542364,17,0.06614456008638636,0.06404892638660546,0.2054969215866551,2.069996961001019,1.1565168932357783,-0.10444932324668432,23976.488693404244
2024-12-17 00:00:00+00:00,1.2837538486189004,1.2837538486189004,1.0573657564404817,1.0677732554189285,82114.96272731118,21,0.03094831122273023,0.030479069173512223,0.24280501549396205,2.069996961001019,1.1565168932357783,-0.07673354218679596,76902.99631553736
2024-12-16 00:00:00+00:00,1.3019491655090107,1.4048858584894346,1.2693802364607583,1.2840267324002101,93822.17748845312,29,0.20252752715410272,0.18442561434001384,0.4945072420166705,2.069996961001019,1.2840267324002101,0.0,73068.7104255788
2024-12-15 00:00:00+00:00,1.3838209542605813,1.3838209542605813,1.3016267339330532,1.3016267339330532,29551.829985653425,29,0.013706880930698162,0.013613791319154269,0.5149922748330591,2.069996961001019,1.3016267339330532,0.0,22703.766921226565
2024-12-14 00:00:00+00:00,1.4330005990321273,1.4330005990321273,1.3828128762905372,1.3850280037854013,16306.793915211678,20,0.0640746441956821,0.062105542778003564,0.6120648658021943,2.069996961001019,1.3850280037854013,0.0,11773.620367706502
2024-12-13 00:00:00+00:00,1.4449029608263153,1.480146270399154,1.4221197373518872,1.433713912888421,41932.378807914625,21,0.03515157019927173,0.03454786063234083,0.6687314770982198,2.069996961001019,1.433713912888421,0.0,29247.382222465756
2024-12-12 00:00:00+00:00,1.3615873128049798,1.6360177525472923,1.3615873128049798,1.4415694622285087,137292.0929920098,42,0.005479160988443921,0.005464204991878915,0.6778747255077247,2.069996961001019,1.4415694622285087,0.0,95237.93101150412
2024-12-11 00:00:00+00:00,1.4008500862953972,1.4011404973872357,1.3619196030179719,1.3622255780101415,19654.34387646032,26,-0.05503993133685714,-0.05661260776409575,0.5855246158239316,2.069996961001019,1.4415694622285087,-0.05503993133685714,14428.112490128266
2024-12-10 00:00:00+00:00,1.4660441536479805,1.4673309650483448,1.35138181482866,1.3984761142394289,56463.59033572307,23,0.026611257940289068,0.026263337322285977,0.6277174203462998,2.069996961001019,1.4415694622285087,-0.029893355206388916,40375.083822172535
2024-12-09 00:00:00+00:00,1.614120442081658,1.6177647690743813,1.467966679676222,1.467966679676222,70351.27997359073,29,0.049690205452372904,0.04849507820954078,0.7085990333817138,2.069996961001019,1.467966679676222,0.0,47924.303015588586
2024-12-08 00:00:00+00:00,1.7537365716198152,1.789640596823292,1.6493690626147688,1.6493690626147688,64000.39936642562,30,0.1235739103959479,0.11651459632364344,0.919737297235429,2.069996961001019,1.6493690626147688,0.0,38802.9585476551
2024-12-07 00:00:00+00:00,1.848812489561578,1.8509375791828904,1.693157916273146,1.7542877178964513,75117.76440182605,43,0.06361138792997223,0.06167008729628728,1.0418544511735082,2.069996961001019,1.7542877178964513,0.0,42819.52363657827
2024-12-06 00:00:00+00:00,1.9913736806754847,1.9948010665299611,1.8009586602959469,1.8498617517677263,144901.36090026228,73,0.05448025024417125,0.053047991737282196,1.1530951926356159,2.069996961001019,1.8498617517677263,0.0,78330.91351923713
2024-12-05 00:00:00+00:00,2.0992888628121573,2.431509929229705,1.995962718119789,1.9974793238265733,340190.16393424803,107,0.07979924549376949,0.07677514005552787,1.3249105644842003,2.069996961001019,1.9974793238265733,0.0,170309.72980613654
2024-12-04 00:00:00+00:00,1.4688791594517723,2.3272051523345456,1.4688791594517723,2.09761868609182,526645.0165207186,150,0.05013286549239959,0.04891669472829329,1.4414649930953454,2.069996961001019,2.09761868609182,0.0,251068.04206723467
2024-12-03 00:00:00+00:00,1.500771882996416,1.506173276235225,1.4359003370936059,1.464221499239451,107133.0831115729,66,-0.3019601184200372,-0.35947904091797295,0.7042399346618995,2.069996961001019,2.09761868609182,-0.3019601184200372,73167.26544940105
2024-12-02 00:00:00+00:00,1.9507228448723664,2.2113698187330977,1.4556010713137486,1.5011597762985447,530528.124862206,147,0.025227246750768373,0.02491429216473003,0.7472332160161286,2.069996961001019,2.09761868609182,-0.28435049408554236,353412.16387395177
2024-12-01 00:00:00+00:00,0.9758723864491844,3.109580260265851,0.9758723864491844,1.9536393874593299,2346306.679589114,584,0.3014200209097515,0.2634559920926939,1.2738842885219226,2.069996961001019,2.09761868609182,-0.06863940504875332,1200992.7188458461
2024-11-30 00:00:00+00:00,0.8153407236333574,0.9796577850172635,0.8153407236333574,0.9764020541166061,77525.6664903221,51,-0.5002137751806908,-0.693574822347043,0.13645604423631252,2.069996961001019,2.09761868609182,-0.5345188043038507,79399.32752442126
2024-11-29 00:00:00+00:00,0.8931883015282892,0.8931883015282892,0.8154460718026249,0.8154460718026249,57155.46441295739,23,-0.16484600952586603,-0.18013915140500766,-0.05088419965759472,2.069996961001019,2.09761868609182,-0.6112515219236896,70091.04144264199
2024-11-28 00:00:00+00:00,0.9859317503614808,1.0052430977895208,0.9604849383324423,0.9628670657744062,34362.20666340216,24,0.18078570621585377,0.1661800696213023,0.1207023705879322,2.069996961001019,2.09761868609182,-0.5409713537743255,35687.383944081244
2024-11-27 00:00:00+00:00,0.8300694803202208,0.9866028018748032,0.8300694803202208,0.9866028018748032,66714.63490524451,24,0.024651103920879214,0.02435216822711066,0.148328921189671,2.069996961001019,2.09761868609182,-0.5296557909135559,67620.5609577322
2024-11-26 00:00:00+00:00,0.8896429247010033,0.8910665210894786,0.8195488184001386,0.8296641706069239,33822.06450442746,20,-0.15906971982002782,-0.17324652353964348,-0.03433543856520482,2.069996961001019,2.09761868609182,-0.604473312471909,40765.96977748915
2024-11-25 00:00:00+00:00,1.0455338721922245,1.046153801533924,0.8507255020617629,0.8896947185177597,104453.10943251198,43,0.07235523726054338,0.06985738579658538,0.035535449891508364,2.069996961001019,2.09761868609182,-0.5758548851529373,117403.31515795879
2024-11-24 00:00:00+00:00,1.2930600115783535,1.3529061086119352,1.037511554807751,1.0566350922583552,127405.84484288238,40,0.18763781583273853,0.17196630563084347,0.22984105992652326,2.069996961001019,2.09761868609182,-0.4962692222069085,120576.95771827603
2024-11-23 00:00:00+00:00,1.21961340995948,1.315801759721837,1.21941610508231,1.2936470611972317,57670.396707240725,26,0.22430825047870484,0.2023759910105034,0.5057045564455176,2.069996961001019,2.09761868609182,-0.38327825272786287,44579.69908258323
2024-11-22 00:00:00+00:00,1.1999020940862444,1.2197955035788426,1.189515154015686,1.2197955035788426,15773.948887425546,21,-0.05708787182652564,-0.05878218396360235,0.4197470877185403,2.069996961001019,2.09761868609182,-0.41848558478876563,12931.633901867373
2024-11-21 00:00:00+00:00,1.2256440517815526,1.2256440517815526,1.1994591892687574,1.200035679885936,8887.380256809336,10,-0.016199292123091014,-0.016331935087807236,0.39674818990368,2.069996961001019,2.09761868609182,-0.42790570667456085,7405.930011726056
2024-11-20 00:00:00+00:00,1.3419629936246655,1.3429864764656885,1.2260324445893236,1.2260324445893236,44634.54021156657,30,0.021663326465308552,0.021432011349606667,0.42700640193139217,2.069996961001019,2.09761868609182,-0.41551224122931185,36405.67621888467
2024-11-19 00:00:00+00:00,1.29690096700584,1.3654987758294685,1.292447991935646,1.3409360864086173,32143.356228418215,22,0.0937199030306104,0.08958464108192503,0.5607453035444625,2.069996961001019,2.09761868609182,-0.36073410515474413,23970.833922820777
2024-11-18 00:00:00+00:00,1.2888113073764655,1.3204695573431011,1.2879743145215097,1.297236518708581,30181.43095072171,25,-0.032588852028790805,-0.033131695017714555,0.5098824057926219,2.069996961001019,2.09761868609182,-0.3815670468089086,23265.943037718203
2024-11-17 00:00:00+00:00,1.3473997896491805,1.3473997896491805,1.2841617959172453,1.2855646217138816,20684.467836759046,23,-0.008997508801493637,-0.009038230832396132,0.4962972255572824,2.069996961001019,2.09761868609182,-0.3871314027483792,16089.792366239082
2024-11-16 00:00:00+00:00,1.2169383038564552,1.4038405679492088,1.2009085823798085,1.3482294869227192,149967.26677163923,47,0.04874501378646712,0.047594224353141826,0.5692342544457247,2.069996961001019,2.09761868609182,-0.35725711452605624,111232.74503803773
2024-11-15 00:00:00+00:00,0.8646845791282506,1.2177905781073535,0.8551966218480956,1.2177905781073535,148250.78234683958,39,-0.09674829847631305,-0.10175402517682387,0.4174135104173551,2.069996961001019,2.09761868609182,-0.41944139505341604,121737.50151462466
2024-11-14 00:00:00+00:00,0.8305549526098217,0.8561711093636225,0.8141773197138128,0.8556223088498733,26979.252705946747,16,-0.2973978250187722,-0.35296444353717193,-0.004122184732989198,2.069996961001019,2.09761868609182,-0.5920982614604626,31531.731263777157
2024-11-13 00:00:00+00:00,0.7360068850716364,0.836032482528005,0.7356274314071167,0.8340578114717336,64173.62828208173,47,-0.025203290231091136,-0.02552633252513994,-0.02922158234586858,2.069996961001019,2.09761868609182,-0.6023787273626413,76941.46304899943
2024-11-12 00:00:00+00:00,0.7826338891177117,0.7826338891177117,0.7351326302054785,0.7364145613883721,38985.47347140527,41,-0.11707012240682146,-0.1245094953558816,-0.14287073053053823,2.069996961001019,2.09761868609182,-0.6489282984218531,52939.57441295761
2024-11-11 00:00:00+00:00,0.7925298801882142,0.8405406537092273,0.7855446136003131,0.7855446136003131,43863.06393236564,27,0.06671521013831594,0.06458402960671628,-0.08568717120218183,2.069996961001019,2.09761868609182,-0.6255064760774509,55837.77569466382
2024-11-10 00:00:00+00:00,0.9943776261524173,0.9950262666655202,0.7507956770609802,0.793368553348907,141333.10880521196,55,0.009959892300368756,0.009910619470987281,-0.07658071389851007,2.069996961001019,2.09761868609182,-0.6217765609119967,178143.0688280086
2024-11-09 00:00:00+00:00,1.0248486649593904,1.028502693661098,0.993677633713094,0.9945767405318144,17669.796396263544,26,0.25361250623506915,0.22602938826634827,0.15760996555548723,2.069996961001019,2.09761868609182,-0.5258543666080412,17766.146820219474
2024-11-08 00:00:00+00:00,0.8493971052343776,1.027366731695715,0.8478721376404839,1.0252091146413311,75939.93968671132,39,0.030799407286698832,0.0303346247927051,0.19326366636377212,2.069996961001019,2.09761868609182,-0.5112509621319925,74072.634160377
2024-11-07 00:00:00+00:00,0.9303890653405534,0.9303890653405534,0.7501145643668182,0.849722215179874,157007.1822123864,57,-0.17117180968767642,-0.18774239464763495,-0.010989434842266443,2.069996961001019,2.09761868609182,-0.59491101942697,184774.71744004037
2024-11-06 00:00:00+00:00,1.105697380392672,1.105697380392672,0.8606678224797238,0.930644950136584,181431.94126772924,72,0.09523434071872505,0.090968350160426,0.08319833429438406,2.069996961001019,2.09761868609182,-0.5563326374296771,194952.91006640266
2024-11-05 00:00:00+00:00,1.2364181923070594,1.2375223985888486,1.1010584701253683,1.102658063292594,44529.465514613184,17,0.18483215659287122,0.16960112454918572,0.283408218439821,2.069996961001019,2.09761868609182,-0.47432864199593294,40383.748141872646
2024-11-04 00:00:00+00:00,1.2589111482602,1.2652166090150805,1.2288562142799495,1.2367495728163882,20884.037683216546,17,0.12160751731447017,0.11476293958891487,0.43948030558527496,2.069996961001019,2.09761868609182,-0.41040305322573223,16886.229954911865
2024-11-03 00:00:00+00:00,1.2355825895004162,1.2568145535085995,1.2138287035848472,1.2565041797325844,38504.88120425392,27,0.01597300484301778,0.015846778766900656,0.4624731314778172,2.069996961001019,2.09761868609182,-0.4009854183394784,30644.451347904567
2024-11-02 00:00:00+00:00,1.1411831340972336,1.2472919753763718,1.1126738836724377,1.2359433313091552,59562.40568246383,31,-0.016363533647619888,-0.016498894955254837,0.43854190318214004,2.069996961001019,2.09761868609182,-0.4107874136018954,48191.85813266471
2024-11-01 00:00:00+00:00,1.3430338242324558,1.3430338242324558,0.9785695523282455,1.146579561145902,188448.49577277174,81,-0.07230409995302611,-0.07505129381421874,0.33452942562784216,2.069996961001019,2.09761868609182,-0.4533898993424049,164357.10364872945
2024-10-31 00:00:00+00:00,1.4557144166823375,1.4557144166823375,1.343107115774366,1.343107115774366,33111.59944976725,10,0.1714033297715969,0.15820245722678403,0.5632722128586309,2.069996961001019,2.09761868609182,-0.3596991080029054,24652.98490409443
2024-10-30 00:00:00+00:00,1.5196541725511234,1.5196541725511234,1.4574719786218657,1.4577269525847072,17936.42506330011,13,0.08533931170802966,0.08189266778750753,0.696680787516275,2.069996961001019,2.09761868609182,-0.3050562705938359,12304.379109885354
2024-10-29 00:00:00+00:00,1.4726067571195194,1.5595948173296437,1.4436094970067745,1.520082297610232,66608.83044893695,21,0.04277573719478944,0.04188613582799977,0.7692575589865196,2.069996961001019,2.09761868609182,-0.275329540259591,43819.226467971326
2024-10-28 00:00:00+00:00,1.5241953600426847,1.5241953600426847,1.473780109833891,1.473780109833891,19179.429136138806,17,-0.030460316424402833,-0.030933873135474663,0.7153654139035237,2.069996961001019,2.09761868609182,-0.29740323176670136,13013.76576340178
2024-10-27 00:00:00+00:00,1.5716811749001198,1.5779889109182363,1.5239474769767742,1.5244186660233725,22647.118414641605,14,0.03435964147676618,0.03378253135391782,0.7743047545268935,2.069996961001019,2.09761868609182,-0.27326225870747056,14856.232686863714
2024-10-26 00:00:00+00:00,1.5707671871448359,1.5708306053249004,1.5600210512033077,1.5699232179312255,7096.552314837856,12,0.029850429492940478,0.029413577612434596,0.8272685135008877,2.069996961001019,2.09761868609182,-0.2515688250011592,4520.318085485336
2024-10-25 00:00:00+00:00,1.5943883579782434,1.6138077635628851,1.5720414058651726,1.572572076403337,26554.96594739964,16,0.0016872535177880899,0.001685831704652921,0.8303515787282354,2.069996961001019,2.09761868609182,-0.2503060318683201,16886.326767377217
2024-10-24 00:00:00+00:00,1.5750492485532928,1.6000487129720558,1.5639594197977114,1.59640668088288,15217.61603431651,20,0.015156446459392514,0.01504273505900915,0.8580932044330944,2.069996961001019,2.09761868609182,-0.23894333537940282,9532.418159200215
2024-10-23 00:00:00+00:00,1.5952461493306134,1.6053085248207903,1.573904255453519,1.573904255453519,12065.555883365048,10,-0.014095672298813144,-0.014195959816306775,0.8319021315227539,2.069996961001019,2.09761868609182,-0.2496709407247225,7666.003723897658
2024-10-22 00:00:00+00:00,1.5157594403566055,1.5954054130708346,1.5106563180118022,1.5950618215360528,27429.63452704679,24,0.013442727541541188,0.013353175734050838,0.856527892759583,2.069996961001019,2.09761868609182,-0.239584471614384,17196.596493439927
2024-10-21 00:00:00+00:00,1.56792437043173,1.56792437043173,1.5163684167487044,1.5163684167487044,15787.934187594872,14,-0.04933564563131876,-0.050594218410026724,0.7649348905377373,2.069996961001019,2.09761868609182,-0.2771000626553688,10411.67437491629
2024-10-20 00:00:00+00:00,1.5813511496334467,1.5841712425089884,1.5571170061420727,1.572743062193933,14733.234807803561,16,0.037177406771702115,0.03650299154086193,0.8305505928888284,2.069996961001019,2.09761868609182,-0.2502245176294694,9367.858718925841
2024-10-19 00:00:00+00:00,1.6250935700168976,1.6250935700168976,1.5821805045440973,1.5821805045440973,15619.309689232976,17,0.006000625643834967,0.005982693589714878,0.8415350417188543,2.069996961001019,2.09761868609182,-0.24572539564283813,9872.015009901575
2024-10-18 00:00:00+00:00,1.6233065441130465,1.6352323930652073,1.6233065441130465,1.6260799168315274,6188.110892496271,11,0.02774614663835684,0.027368197470755223,0.8926305430260582,2.069996961001019,2.09761868609182,-0.2247971818647556,3805.5392163959677
2024-10-17 00:00:00+00:00,1.6406878910751206,1.6406878910751206,1.6247639316380187,1.6247639316380187,6053.6593204812425,12,-0.0008092992108733599,-0.0008096268702746443,0.8910988386211123,2.069996961001019,2.09761868609182,-0.2254245528937393,3725.87008032496
2024-10-16 00:00:00+00:00,1.6552580254529499,1.6686520317313391,1.6442711970106145,1.6442711970106145,14487.795110043224,23,0.01200621517547451,0.011934712324156615,0.9138037781956874,2.069996961001019,2.09761868609182,-0.2161248334061422,8811.073949591113
2024-10-15 00:00:00+00:00,1.6560899443859305,1.6567425513251577,1.645295637417143,1.6533505470863543,9836.90238385324,18,0.0055218081373964445,0.005506618844098444,0.9243714354715085,2.069996961001019,2.09761868609182,-0.21179642513254127,5949.677399743503
2024-10-14 00:00:00+00:00,1.7132644152373653,1.7132644152373653,1.639642267856508,1.6564876565343345,29403.938646294922,32,0.0018974254755039777,0.0018956276376028284,0.9280227868575042,2.069996961001019,2.09761868609182,-0.21030086758970434,17750.774375109544
2024-10-13 00:00:00+00:00,1.7502729612321337,1.7502729612321337,1.7162116830397751,1.7164776044354475,12935.183880241393,23,0.03621514936406012,0.03557479540754379,0.9978464200608601,2.069996961001019,2.09761868609182,-0.18170179555679677,7535.888523576628
2024-10-12 00:00:00+00:00,1.7785420975555584,1.7785420975555584,1.7504389267833627,1.7504389267833627,8363.262349156887,11,0.019785473611865223,0.019592285187461908,1.0373747576855337,2.069996961001019,2.09761868609182,-0.16551137802614913,4777.808709113528
2024-10-11 00:00:00+00:00,1.7185520796916682,1.7860646416428927,1.7185520796916682,1.7804119264375846,28881.810515262747,10,0.017123133629860954,0.01697818508632357,1.0722609979154885,2.069996961001019,2.09761868609182,-0.15122231783949225,16221.982164010878
2024-10-10 00:00:00+00:00,1.7530091270340793,1.7530091270340793,1.7235443751357198,1.7235443751357198,13074.800927675178,19,-0.031940670839950336,-0.032461903129146444,1.0060715914866027,2.069996961001019,2.09761868609182,-0.17833284640167713,7585.996111440768
2024-10-09 00:00:00+00:00,1.7786906450538797,1.7789339016097483,1.7531135130926552,1.7531135130926552,8484.290093989075,12,0.01715600618325075,0.017010503712365888,1.0404877681141906,2.069996961001019,2.09761868609182,-0.16423631963397023,4839.55547123814
2024-10-08 00:00:00+00:00,1.7907717367551506,1.791096450638848,1.7635175858889869,1.7793667964804396,13457.60415485663,18,0.014975233030673163,0.0148642112410407,1.0710445479379387,2.069996961001019,2.09761868609182,-0.151720563761916,7563.142226479423
2024-10-07 00:00:00+00:00,1.7990180049421047,1.8551937092446251,1.7917925539121915,1.7917925539121915,32302.741981620187,24,0.0069832467686425925,0.0069589768240927545,1.0855071630850412,2.069996961001019,2.09761868609182,-0.1457968191299005,18028.170678067912
2024-10-06 00:00:00+00:00,1.8151658100367485,1.8180464272593537,1.7997264639557669,1.7997264639557669,6204.7198424848475,17,0.004427917744301624,0.004418143359353188,1.0947416172583337,2.069996961001019,2.09761868609182,-0.14201447770808684,3447.5904904165177
2024-10-05 00:00:00+00:00,1.9146697459018045,1.9175376682012073,1.8154283319633782,1.8154283319633782,36057.7339502782,27,0.008724585831281662,0.008686746561017797,1.1130173702924617,2.069996961001019,2.09761868609182,-0.1345289093768539,19861.832778208274
2024-10-04 00:00:00+00:00,1.8852234647980253,1.9270035460829678,1.878695675922396,1.9152080852843663,28053.219923129567,22,0.054962099888061555,0.05350484200601863,1.2291532420636853,2.069996961001019,2.09761868609182,-0.08696080084379498,14647.609384420639
2024-10-03 00:00:00+00:00,1.7985015085985885,1.9266510130470196,1.7985015085985885,1.8857722561112782,54476.75261363377,32,-0.01536952010554904,-0.015488855510684267,1.1948922264914374,2.069996961001019,2.09761868609182,-0.10099377517238062,28888.29891154106
2024-10-02 00:00:00+00:00,1.7973276860242478,1.8011648582415047,1.7632256822596013,1.7969705647449814,27442.575834500396,22,-0.04709035838156728,-0.04823519449423943,1.0915339649370397,2.069996961001019,2.09761868609182,-0.14332830048677314,15271.577828207182
2024-10-01 00:00:00+00:00,1.970520475968377,1.9805884540204637,1.7971961773756269,1.7971961773756269,50422.80556733262,29,0.00012555165625505182,0.00012554377530549492,1.0917965604904514,2.069996961001019,2.09761868609182,-0.14322074393603235,28056.37258864139
2024-09-30 00:00:00+00:00,1.947619357997969,1.9867403463646998,1.9218496954844029,1.9701549391978594,28043.67749846164,23,0.09623810911661135,0.09188441777346572,1.2931071061286836,2.069996961001019,2.09761868609182,-0.060765928402099045,14234.249774223092
2024-09-29 00:00:00+00:00,1.9756876579244944,1.9756876579244944,1.941071341892615,1.9467934383802548,19759.83516989812,23,-0.011857697256600686,-0.011928560488953749,1.2659161362872502,2.069996961001019,2.09761868609182,-0.0719030816761913,10149.93926953978
2024-09-28 00:00:00+00:00,1.9906241956082873,2.053075366073824,1.9769040923315153,1.9769040923315153,47392.59701648039,34,0.015466794451656218,0.015348402785476079,1.300962595411896,2.069996961001019,2.09761868609182,-0.05754839740926132,23973.139213135346
2024-09-27 00:00:00+00:00,2.3288111708800394,2.3288111708800394,1.9389356141600262,1.9932832348321083,217971.87609323097,63,0.008285248922357047,0.008251114658483012,1.3200266432759165,2.069996961001019,2.09761868609182,-0.04973995128452269,109353.18788831857
2024-09-26 00:00:00+00:00,2.5342257232919176,2.5342257232919176,2.4069569226966108,2.4069569226966108,49301.52301705115,25,0.20753382190531777,0.18858011601179833,1.8015106394771325,2.069996961001019,2.4069569226966108,0.0,20482.927032120155
2024-09-25 00:00:00+00:00,2.604530524812372,2.62538156539331,2.5243080243048093,2.524946761251675,64217.06699254256,23,0.04902033660946259,0.04785671588921793,1.9388416340392922,2.069996961001019,2.524946761251675,0.0,25433.038026001253
2024-09-24 00:00:00+00:00,2.7534993534502625,2.755601407396824,2.553577079696905,2.6390064206822417,116851.82378019682,46,0.04517309480775933,0.04418251266418749,2.0715982057987397,2.069996961001019,2.6390064206822417,0.0,44278.71901501022
2024-09-23 00:00:00+00:00,2.7658377418363926,3.07913227867582,2.7217485021154717,2.754010886499689,366449.9426189237,95,0.04357869875425169,0.0426558627596003,2.205454458703343,2.069996961001019,2.754010886499689,0.0,133060.4553581401
2024-09-22 00:00:00+00:00,3.0647955932379256,3.138883806718015,2.754753327110712,2.7555957912572087,211354.3811603299,65,0.0005754896486753758,0.0005753241180119203,2.207299164563627,2.069996961001019,2.7555957912572087,0.0,76700.06676265894
2024-09-21 00:00:00+00:00,1.9782617416653072,3.0666719298847624,1.9782617416653072,3.0660796127226506,577323.7773029875,130,0.1126739351433641,0.10676606903374779,2.568678182617035,2.069996961001019,3.0660796127226506,0.0,188293.7986696077
2024-09-20 00:00:00+00:00,1.7043413980427289,1.9785723497971006,1.703497030111874,1.9785723497971006,110865.64502920338,41,-0.3546898320620754,-0.43802419724843566,1.3029043173410066,2.069996961001019,3.0660796127226506,-0.3546898320620754,56033.15190398394
2024-09-19 00:00:00+00:00,1.6645254279516748,1.6999361469093734,1.6645254279516748,1.6895661814737557,22814.752490182218,21,-0.14606803150412062,-0.15790375054957842,0.9665236169646652,2.069996961001019,3.0660796127226506,-0.44894901800236153,13503.319810936096
2024-09-18 00:00:00+00:00,1.6593981389118622,1.6679596029553028,1.6589843276816096,1.6653835730314936,10572.384386401229,8,-0.014312909850721756,-0.014416327536333247,0.9383769417157346,2.069996961001019,3.0660796127226506,-0.45683616103084546,6348.317923633859
2024-09-17 00:00:00+00:00,1.726407575885472,1.726407575885472,1.6726883753740525,1.6726883753740525,18189.06446160914,13,0.004386258193517456,0.00437666660028891,0.9468791634584606,2.069996961001019,3.0660796127226506,-0.4544537041917446,10874.150098365835
2024-09-16 00:00:00+00:00,1.7330567491632927,1.7330567491632927,1.7231048421985047,1.726713259460799,5591.770618981377,10,0.03229823611027682,0.03178761378919407,1.0097599263580204,2.069996961001019,3.0660796127226506,-0.43683352112064255,3238.389806960491
2024-09-15 00:00:00+00:00,1.7423215413576674,1.7423215413576674,1.7329309086926745,1.7331039500092436,6123.098071690967,15,0.003701072261667937,0.0036942401459718432,1.0171981930740759,2.069996961001019,3.0660796127226506,-0.43474920128696104,3533.02412798627
2024-09-14 00:00:00+00:00,1.6927950377529406,1.7421768426552797,1.6927950377529406,1.7421768426552797,22462.243374695594,21,0.005235053930831901,0.005221398672611813,1.0277583344039956,2.069996961001019,3.0660796127226506,-0.4317900828712524,12893.20511255363
2024-09-13 00:00:00+00:00,1.730942563646082,1.7328111884463742,1.6932401324767066,1.6932401324767066,19739.81256176876,20,-0.028089404577314903,-0.028491458769932913,0.9707998101638995,2.069996961001019,3.0660796127226506,-0.44775076111832435,11658.011278586508
2024-09-12 00:00:00+00:00,1.7110916695934406,1.7328680993286258,1.7110916695934406,1.7302466558534157,18205.81072282443,26,0.0218554490098104,0.021620042452989343,1.0138725249234808,2.069996961001019,3.0660796127226506,-0.4356811060372393,10522.089819526173
2024-09-11 00:00:00+00:00,1.7356150791027898,1.7435911486423836,1.7114395604391142,1.7114395604391142,30088.61792127629,33,-0.010869603677994277,-0.010929109415437985,0.9919825287195609,2.069996961001019,3.0660796127226506,-0.4418150287626186,17580.88256038459
2024-09-10 00:00:00+00:00,1.4938632869585744,1.7284870025600056,1.4901972634000882,1.7248619587792153,107395.89579916534,49,0.007842753346578801,0.007812158816011352,1.0076051563630029,2.069996961001019,3.0660796127226506,-0.4374373217114367,62263.47288404206
2024-09-09 00:00:00+00:00,1.4681238731776285,1.4947989135157693,1.464052687145155,1.4931561346423972,15423.568580179495,16,-0.1343329667382831,-0.1442549325046651,0.7379175996696858,2.069996961001019,3.0660796127226506,-0.5130080352621738,10329.508229139987
2024-09-08 00:00:00+00:00,1.4489547608892084,1.4674380796543938,1.4488640736527993,1.4674380796543938,6051.0095676398205,10,-0.01722395561410106,-0.01737401349390746,0.70798378407201,2.069996961001019,3.0660796127226506,-0.5213959632472419,4123.519521222275
2024-09-07 00:00:00+00:00,1.439032905108575,1.449201904560181,1.439032905108575,1.449201904560181,3335.9176281316304,7,-0.012427219483433172,-0.012505083133775088,0.6867582947132025,2.069996961001019,3.0660796127226506,-0.5273436806576255,2301.899837168686
2024-09-06 00:00:00+00:00,1.46235739115574,1.4657849194735901,1.4385655131153081,1.4390506279498947,11626.391038401493,15,-0.0070047359021150335,-0.007029384235462454,0.6749429983280346,2.069996961001019,3.0660796127226506,-0.5306545133470846,8079.209176236365
2024-09-05 00:00:00+00:00,1.4583935996722623,1.461387747944595,1.4541298439549672,1.4541298439549672,3305.083322633481,11,0.01047858616798969,0.010424066313881814,0.692494032862486,2.069996961001019,3.0660796127226506,-0.5257364362226351,2272.894223561397
2024-09-04 00:00:00+00:00,1.4604390210431188,1.462317355058597,1.4585336021753363,1.4585336021753363,5345.359679234714,20,0.0030284491021734805,0.0030238725876906005,0.6976196648967423,2.069996961001019,3.0660796127226506,-0.5243001531587199,3664.886205749634
2024-09-03 00:00:00+00:00,1.4581196232906282,1.4724880902962998,1.4575878689987654,1.4602276774649958,9103.91788288557,17,0.0011614921227272035,0.0011608181126061047,0.6995914367649068,2.069996961001019,3.0660796127226506,-0.5237476315338312,6234.587950483363
2024-09-02 00:00:00+00:00,1.4890604277491786,1.4890604277491786,1.453374184075093,1.4580905165640097,12139.872359654555,15,-0.001463580600455594,-0.0014646526807208758,0.6971039477093572,2.069996961001019,3.0660796127226506,-0.5244446652612393,8325.8701855233
2024-09-01 00:00:00+00:00,1.4907401429515328,1.4910665702010166,1.4905690569037076,1.490649831499767,344.7577314847345,6,0.022330105412442736,0.022084439053519103,0.7350004577575799,2.069996961001019,3.0660796127226506,-0.5138254645070734,231.28015996746075
2024-08-31 00:00:00+00:00,1.4943168982866084,1.4943168982866084,1.4892791404236632,1.49061463476951,2050.316716429966,8,-2.3611668893086524e-05,-2.361194765292848e-05,0.7349594915012421,2.069996961001019,3.0660796127226506,-0.5138369438992297,1375.4840913305547
2024-08-30 00:00:00+00:00,1.500516675088671,1.500516675088671,1.4935144230811388,1.4939708923344495,2597.6448249736814,8,0.002251593058764323,0.002249062021644917,0.7388659142495435,2.069996961001019,3.0660796127226506,-0.5127423025366856,1738.7519651836408
2024-08-29 00:00:00+00:00,1.4864598626767458,1.503219979475973,1.483348501976214,1.5011839422710653,7143.918588658883,7,0.004828106071963045,0.004816488147881534,0.7472613433284614,2.069996961001019,3.0660796127226506,-0.5103897706889523,4758.856251720365
2024-08-28 00:00:00+00:00,1.5108617035279606,1.5130418918901147,1.4865562035754984,1.4865562035754984,13473.691646382262,12,-0.009744134801653481,-0.009791919550571054,0.7302357932653507,2.069996961001019,3.0660796127226506,-0.5151605987636276,9063.694742233785
2024-08-27 00:00:00+00:00,1.480770677927472,1.5171888602290566,1.4791414698389593,1.5171888602290566,12850.149676615929,11,0.020606457112001486,0.02039701640804679,0.765889822932923,2.069996961001019,3.0660796127226506,-0.5051697764358418,8469.710010048377
2024-08-26 00:00:00+00:00,1.4649080758076691,1.482371341276511,1.463942317486981,1.4815155094108574,6338.37506992098,9,-0.023512795112939022,-0.02379363178549268,0.724368817334277,2.069996961001019,3.0660796127226506,-0.5168046180981957,4278.3049044430945
2024-08-25 00:00:00+00:00,1.5159571357754782,1.51626699173446,1.461886787671072,1.464946601742761,19423.652111078944,21,-0.011183755797929629,-0.01124676421576539,0.7050838975756457,2.069996961001019,3.0660796127226506,-0.5222085572520728,13258.948884533924
2024-08-24 00:00:00+00:00,1.5728055339791347,1.5827084591154426,1.5156083594821577,1.5156083594821577,33174.31855637733,26,0.034582665114979205,0.0339981232903061,0.7640502429984477,2.069996961001019,3.0660796127226506,-0.5056852557927185,21888.450501627012
2024-08-23 00:00:00+00:00,1.5758906405861552,1.6067247161217706,1.5629337524961593,1.5629337524961593,26581.65685456012,23,0.031225344409007816,0.030747749929070887,0.8191333193908681,2.069996961001019,3.0660796127226506,-0.4902501076583956,17007.539066903246
2024-08-22 00:00:00+00:00,1.5895582407589401,1.5948816393668677,1.5747570153656945,1.5747570153656945,8943.139760791686,19,0.007564788239202258,0.0075363187157800006,0.8328946777309372,2.069996961001019,3.0660796127226506,-0.4863939576678752,5679.0601175476495
2024-08-21 00:00:00+00:00,1.5339799994944299,1.5943398428551478,1.5339799994944299,1.589570423418744,20171.13167958584,15,0.009406789687874229,0.009362821360560571,0.850136332484376,2.069996961001019,3.0660796127226506,-0.48156257364523547,12689.67475892203
2024-08-20 00:00:00+00:00,1.5848385587049179,1.5848385587049179,1.5293944864758926,1.5293944864758926,18756.867338858723,10,-0.03785672912397864,-0.03859190918088105,0.7800962225030836,2.069996961001019,3.0660796127226506,-0.5011889188624805,12264.244120612228
2024-08-19 00:00:00+00:00,1.5751844327408193,1.5773863510800061,1.574172113568698,1.575378514932551,2512.197212252728,9,0.030066819818748813,0.02962367374777848,0.8336180548851193,2.069996961001019,3.0660796127226506,-0.4861912559623234,1594.6626086622025
2024-08-18 00:00:00+00:00,1.578178190630888,1.578178190630888,1.5753511288933173,1.5753511288933173,1633.8788471780667,12,-1.738378362670101e-05,-1.7383934726418726e-05,0.8335861796655992,2.069996961001019,3.0660796127226506,-0.4862001879023552,1037.152173386174
2024-08-17 00:00:00+00:00,1.581776389094534,1.5832846317341858,1.5789313375981888,1.5789313375981888,1766.5773951216281,7,0.002272641723617852,0.002270063179414993,0.8377532641213563,2.069996961001019,3.0660796127226506,-0.48503250501179507,1118.8437097010687
2024-08-16 00:00:00+00:00,1.591745590223107,1.591745590223107,1.58131530388522,1.58131530388522,4817.962654481717,15,0.001509860644515193,0.0015087219509672164,0.8405280154491825,2.069996961001019,3.0660796127226506,-0.4842549758579079,3046.8070742401605
2024-08-15 00:00:00+00:00,1.6036837255163636,1.6042673352048658,1.592897309184669,1.592897309184669,3834.5013873227667,9,0.007324285846720624,0.007297593520713944,0.8540085687432297,2.069996961001019,3.0660796127226506,-0.48047751187706744,2407.2495855275642
2024-08-14 00:00:00+00:00,1.6313184350344394,1.6313184350344394,1.6017171041142204,1.6017171041142204,9431.249164490358,16,0.0055369513644705215,0.005521678798963328,0.8642741240176726,2.069996961001019,3.0660796127226506,-0.477600941127582,5888.211557624601
2024-08-13 00:00:00+00:00,1.6478556757895049,1.647946692669644,1.6319443075927786,1.6319443075927786,5138.609223188946,13,0.018871749200227494,0.018695886849774617,0.899456237726608,2.069996961001019,3.0660796127226506,-0.4677423571061069,3148.7650646416487
2024-08-12 00:00:00+00:00,1.6485462746584645,1.6518213534187047,1.6483703338071458,1.6483703338071458,1904.4448276293522,5,0.010065310524350224,0.010014992648044434,0.9185748545867403,2.069996961001019,3.0660796127226506,-0.4623850186514211,1155.3500985611443
2024-08-11 00:00:00+00:00,1.6536873385861197,1.6540115724795361,1.6469241650304476,1.6482360671019758,2597.2837477057055,11,-8.145421111771523e-05,-8.145752869212445e-05,0.9184185785854897,2.069996961001019,3.0660796127226506,-0.46242880965561184,1575.7959673048535
2024-08-10 00:00:00+00:00,1.6628245518357139,1.6664163190208998,1.6538558712063032,1.6540202622431257,6303.5502252523665,14,0.0035093244569754933,0.003503181146288303,0.9251509318220359,2.069996961001019,3.0660796127226506,-0.4605422979299709,3811.047765946777
2024-08-09 00:00:00+00:00,1.648571435268632,1.6718672635157261,1.6455438007909178,1.6658968282875974,12044.801198027326,15,0.007180423550776194,0.007154767052731136,0.9389743309116896,2.069996961001019,3.0660796127226506,-0.4566687631413796,7230.220379498755
2024-08-08 00:00:00+00:00,1.5833570742600755,1.6536851756219697,1.57914263793962,1.651124531432325,32057.1502684033,29,-0.008867474026261868,-0.008907024053552351,0.9217805263947416,2.069996961001019,3.0660796127226506,-0.4614867387718802,19415.343699481116
2024-08-07 00:00:00+00:00,1.5735984874342364,1.5848546035702298,1.5245949235368776,1.583898514399079,49042.3619803949,20,-0.040715291762353445,-0.04156736782771731,0.8435346715593706,2.069996961001019,3.0660796127226506,-0.48341246332067955,30963.070887784284
2024-08-06 00:00:00+00:00,1.551007607966304,1.588663005982979,1.532695758852167,1.5415671917934295,48621.4664006277,33,-0.02672603214209701,-0.027089666174814512,0.7942643046722047,2.069996961001019,3.0660796127226506,-0.4972187984301778,31540.283588977025
2024-08-05 00:00:00+00:00,1.857537069392265,1.857537069392265,1.5475686523563663,1.548321117972856,105752.50492745449,51,0.0043812077834695096,0.0043716382332593786,0.802125349409436,2.069996961001019,3.0660796127226506,-0.49501600951647795,68301.40317785711
2024-08-04 00:00:00+00:00,1.939912900039832,1.939912900039832,1.85789916403981,1.85789916403981,29545.747543510894,33,0.19994434130839078,0.18227517347525746,1.1624501153522595,2.069996961001019,3.0660796127226506,-0.39404731816796745,15902.772397650859
2024-08-03 00:00:00+00:00,2.003935549099999,2.0042981067391135,1.9612168254593088,1.9612168254593088,15601.096174615055,35,0.05560994020517529,0.05411874224268742,1.2827038369636732,2.069996961001019,3.0660796127226506,-0.3603503257641225,7954.804370476142
2024-08-02 00:00:00+00:00,2.0506380497792613,2.0577003381656214,2.0154779613124254,2.0154779613124254,21195.972936761045,21,0.02766707645413402,0.027291258991063185,1.345859578543092,2.069996961001019,3.0660796127226506,-0.3426530893231766,10516.598714360933
2024-08-01 00:00:00+00:00,2.0836891540898925,2.100722862175062,2.052623507665875,2.0530034976327847,20493.723465570092,15,0.018618678566906022,0.018447472789836956,1.3895363839990833,2.069996961001019,3.0660796127226506,-0.33041415848633615,9982.312981541618
2024-07-31 00:00:00+00:00,2.0948617571146215,2.099765010032181,2.076310512831738,2.0838300596286605,23724.24013915445,33,0.01501534801641613,0.014903733577866023,1.4254161044027183,2.069996961001019,3.0660796127226506,-0.32036009404914356,11384.920775824743
2024-07-30 00:00:00+00:00,2.1774123652480277,2.1775283242980996,2.081261654350169,2.081261654350169,32933.13863429127,21,-0.0012325406607048839,-0.0012333008636632686,1.4224266804349135,2.069996961001019,3.0660796127226506,-0.32119777786786563,15823.641667281838
2024-07-29 00:00:00+00:00,2.196411997204279,2.2114161288194234,2.1850379884357656,2.1850379884357656,17160.4197397653,30,0.049862223651066406,0.04865893998950296,1.5432142613530697,2.069996961001019,3.0660796127226506,-0.2873511896530724,7853.602468509106
2024-07-28 00:00:00+00:00,2.223217269028753,2.223217269028753,2.180733847104103,2.1964604570124426,20885.184849878024,26,0.005227583518973233,0.00521396713748199,1.5565091263109365,2.069996961001019,3.0660796127226506,-0.283625758477287,9508.564009518024
2024-07-27 00:00:00+00:00,2.2138245258281923,2.2266704255299477,2.2077464781258294,2.223574217563444,9598.063040671292,26,0.01234429714609142,0.012268727576655947,1.5880674346228134,2.069996961001019,3.0660796127226506,-0.2747826219721248,4316.502217402346
2024-07-26 00:00:00+00:00,2.2276802196361483,2.2276802196361483,2.2127443483625973,2.2139525028069342,10058.822577368664,34,-0.004327139018122317,-0.004336528179423691,1.5768685070449253,2.069996961001019,3.0660796127226506,-0.2779207383852096,4543.377766512923
2024-07-25 00:00:00+00:00,2.2323402480664,2.2323402480664,2.2151418046767213,2.228844286396651,11865.812500119217,24,0.0067263338173859655,0.0067038129661785495,1.5942013848268184,2.069996961001019,3.0660796127226506,-0.2730637922289769,5323.75122503625
2024-07-24 00:00:00+00:00,2.35311662894885,2.353248641375147,2.232138271747919,2.232138271747919,36162.53881201641,25,0.0014778894027600575,0.001476798399006306,1.5980353275620796,2.069996961001019,3.0660796127226506,-0.2719894609110295,16200.850668493149
2024-07-23 00:00:00+00:00,2.4091917038900315,2.410413376915983,2.351227860584703,2.3529175163569302,21856.466632192405,22,0.05410921273906255,0.052696062150748735,1.7386129738047362,2.069996961001019,3.0660796127226506,-0.2325973837751848,9289.091725592325
2024-07-22 00:00:00+00:00,2.3755451769664404,2.428651229933977,2.3755451769664404,2.408771717805682,31204.605225194147,35,0.023738274317083752,0.02346090246102223,1.8036229198252376,2.069996961001019,3.0660796127226506,-0.21438056995959243,12954.571408543685
2024-07-21 00:00:00+00:00,2.3939186933387657,2.3939186933387657,2.366765327760726,2.376742392190597,19363.19867221443,28,-0.013296953537906386,-0.013386149597590507,1.766343276122512,2.069996961001019,3.0660796127226506,-0.2248269150193163,8146.948838812837
2024-07-20 00:00:00+00:00,2.4157145862681006,2.4227955823484386,2.3844082640969626,2.3929873203138303,22077.38737290932,35,0.006834955347542193,0.006811702932921644,1.7852511088907828,2.069996961001019,3.0660796127226506,-0.2195286415968568,9225.868931898045
2024-07-19 00:00:00+00:00,2.450354565901407,2.454200995287965,2.4143045500857125,2.4143045500857125,15687.75497805724,17,0.008908208410016272,0.00886876439871915,1.8100627062430106,2.069996961001019,3.0660796127226506,-0.212576040078153,6497.835982415845
2024-07-18 00:00:00+00:00,2.435179983215434,2.45168426331369,2.430524641083916,2.4507432929097615,12862.50045885452,22,0.015092852648915134,0.014980088751951087,1.852474568602548,2.069996961001019,3.0660796127226506,-0.20069156627882734,5248.407899785744
2024-07-17 00:00:00+00:00,2.4255296596048974,2.433440162480187,2.3996657385298614,2.433440162480187,17509.50185690707,13,-0.007060360209751093,-0.007085402494209709,1.83233507065906,2.069996961001019,3.0660796127226506,-0.2063349717395908,7195.369800694506
2024-07-16 00:00:00+00:00,2.4045625398327815,2.469055174938946,2.3723492523597915,2.4282077728715445,58034.146971348295,38,-0.002150202700406556,-0.002152517705314812,1.8262449761416728,2.069996961001019,3.0660796127226506,-0.20804151242657454,23899.99225754821
2024-07-15 00:00:00+00:00,2.139174744667995,2.4138114819557943,2.1023341488610114,2.4138114819557943,126572.4423479573,56,-0.005928772272533078,-0.005946417219343489,1.809488813291738,2.069996961001019,3.0660796127226506,-0.21273685394869712,52436.755436013504
2024-07-14 00:00:00+00:00,2.151588751681765,2.153082150547935,2.132629989604882,2.1466002096323877,18539.713367553508,37,-0.11070096994770207,-0.1173217332638597,1.4984756766031242,2.069996961001019,3.0660796127226506,-0.2998876478206558,8636.77981785369
2024-07-13 00:00:00+00:00,2.0827925118021557,2.165227371665827,2.082330538127815,2.1508118757064225,38723.39493240718,35,0.001962016986272408,0.0019600947448480837,1.503377728320408,2.069996961001019,3.0660796127226506,-0.29851401549338075,18004.082723268715
2024-07-12 00:00:00+00:00,2.036967867551445,2.0831924029307904,1.73388364353386,2.0831924029307904,192306.73487353855,73,-0.031439045664290344,-0.03194386126915638,1.424673921604775,2.069996961001019,3.0660796127226506,-0.320568065393144,92313.47743155509
2024-07-11 00:00:00+00:00,2.075473579756594,2.075601842369164,2.0364909345395152,2.0367588230745075,20030.990721162005,35,-0.022289626148288888,-0.022541794061719637,1.3706288463606993,2.069996961001019,3.0660796127226506,-0.3357123492087395,9834.738651542959
2024-07-10 00:00:00+00:00,2.0841832006084657,2.0871196145953337,2.0672417821123457,2.074223345548437,10436.556921640107,16,0.018394186905927423,0.01822706017910429,1.414234636445241,2.069996961001019,3.0660796127226506,-0.3234933180007855,5031.549251452774
2024-07-09 00:00:00+00:00,2.102728759980838,2.136696000872715,2.083934967037339,2.083934967037339,30933.02728079035,31,0.004682051964049361,0.0046711252517679745,1.4255382084664854,2.069996961001019,3.0660796127226506,-0.32032587856163863,14843.566507628022
2024-07-08 00:00:00+00:00,2.086297602228623,2.1264154646402167,2.076892031792625,2.10251221035824,25700.858583640547,23,0.008914502426777604,0.008875002822667448,1.4471606747121015,2.069996961001019,3.0660796127226506,-0.3142669219566584,12223.88077321152
2024-07-07 00:00:00+00:00,2.2328426443641716,2.240495478280481,2.0872982884469136,2.0872982884469136,49175.07968780248,36,-0.007236068278877794,-0.0072623756055100585,1.4294528529805,2.069996961001019,3.0660796127226506,-0.319228933330465,23559.200886612114
2024-07-06 00:00:00+00:00,2.164875811271577,2.2354465406163784,2.164458234086145,2.2336551392280652,34281.47985839357,40,0.07011784160952428,0.06776877475504309,1.5998008433235937,2.069996961001019,3.0660796127226506,-0.2714947355053837,15347.704870072736
2024-07-05 00:00:00+00:00,2.4769361553321554,2.4769361553321554,2.1645698102428605,2.164645476704503,110663.8035992314,56,-0.03089539710566569,-0.03138272359412133,1.5194789638734667,2.069996961001019,3.0660796127226506,-0.29400219494551294,51123.292377515805
2024-07-04 00:00:00+00:00,2.8302371040180887,2.8302371040180887,2.4623915254943327,2.479657234624274,101059.74856606539,41,0.14552579686136435,0.13586374283362512,1.8861281477665974,2.069996961001019,3.0660796127226506,-0.1912613017825845,40755.53151255533
2024-07-03 00:00:00+00:00,2.8815576965795078,2.8815576965795078,2.82984191530634,2.836520587184484,14159.02120901218,21,0.14391640408085804,0.1344578169317251,2.301489332509713,2.069996961001019,3.0660796127226506,-0.0748705364940998,4991.686389650482
2024-07-02 00:00:00+00:00,2.8984763542934067,2.9053558894583196,2.8838928857248667,2.8838928857248667,12415.79424844552,24,0.016700847776114358,0.016562922149436537,2.356627003286423,2.069996961001019,3.0660796127226506,-0.05942009015088934,4305.220318654383
2024-07-01 00:00:00+00:00,2.9062871091372426,2.9650661494757924,2.8981903839272274,2.8981903839272274,31646.215984316983,36,0.0049577077821207904,0.00494545881673988,2.373268179102293,2.069996961001019,3.0660796127226506,-0.05475696981212408,10919.301975405218
2024-06-30 00:00:00+00:00,2.9453171778462854,2.9460400215064446,2.8727703886494727,2.910782117610995,30159.967579173186,38,0.004344688241876282,0.004335277332382348,2.387923977696734,2.069996961001019,3.0660796127226506,-0.050650183533151316,10361.465187207752
2024-06-29 00:00:00+00:00,3.02344495507793,3.0308032359248447,2.9395740476688004,2.9458753456651765,44377.21795127328,37,0.012056288185178232,0.011984190054840128,2.4287697655213214,2.069996961001019,3.0660796127226506,-0.03920454855728084,15064.18729379499
2024-06-28 00:00:00+00:00,3.071725526979873,3.071725526979873,3.022957540398865,3.023703741491997,20139.24237104384,36,0.02641944641050209,0.026076480369841386,2.5193559645954617,2.069996961001019,3.0660796127226506,-0.013820864616435835,6660.454890037098
2024-06-27 00:00:00+00:00,3.056939605741911,3.070448132309409,3.0476450618765782,3.070448132309409,18454.187128124147,26,0.015459315731225276,0.01534103794793376,2.5737627996227137,2.069996961001019,3.070448132309409,0.0,6010.25854628067
2024-06-26 00:00:00+00:00,2.9276470287179372,3.0607363000024392,2.92567305130133,3.0607363000024392,41414.537233912684,43,-0.003163001584288283,-0.0031680144470522063,2.5624589822256367,2.069996961001019,3.070448132309409,-0.003163001584288283,13530.90667558642
2024-06-25 00:00:00+00:00,3.051209023085319,3.051376446979814,2.899918574333186,2.9281771696246897,53822.23261215421,50,-0.043309556062586574,-0.04427540491546351,2.4081704652142704,2.069996961001019,3.070448132309409,-0.04633556945243411,18380.79784600353
2024-06-24 00:00:00+00:00,3.1894494638325845,3.1894494638325845,3.047351536284195,3.047351536284195,61477.77754970917,43,0.040699165301797846,0.0398927616067743,2.5468801583547314,2.069996961001019,3.070448132309409,-0.007522223151133933,20174.166589481316
2024-06-23 00:00:00+00:00,3.244534329117185,3.2610502678055635,3.192147220284725,3.192147220284725,40514.18940498781,51,0.04751525456662198,0.04642093554021609,2.715411071996257,2.069996961001019,3.192147220284725,0.0,12691.82985907966
2024-06-22 00:00:00+00:00,3.3901701641373676,3.412721501198781,3.23277641430229,3.2423656065554463,54330.07042108564,35,0.01573185157363821,0.015609388705297525,2.7738613675159542,2.069996961001019,3.2423656065554463,0.0,16756.306047424318
2024-06-21 00:00:00+00:00,3.4835681857059386,3.5147810929890713,3.389758186125254,3.389758186125254,46022.881890281,34,0.04545834660712167,0.044455398449296926,2.9454148656077206,2.069996961001019,3.389758186125254,0.0,13577.039825040907
2024-06-20 00:00:00+00:00,3.2616942739976884,3.508805217127468,3.2325062147276302,3.484685904722414,127060.754474975,55,0.028004274459963563,0.027619325059312774,3.0559033463626193,2.069996961001019,3.484685904722414,0.0,36462.613259571954
2024-06-19 00:00:00+00:00,3.354319551508591,3.397792446780334,3.2301267687463597,3.251795596481999,66409.44982528649,45,-0.06683251076511787,-0.06917057738119205,2.784837142304562,2.069996961001019,3.484685904722414,-0.06683251076511787,20422.39367601472
2024-06-18 00:00:00+00:00,3.5490125660612004,3.5490125660612004,3.338464369596972,3.3538525910469135,49827.02040183769,45,0.03138481234039636,0.03090237724066873,2.9036235457547526,2.069996961001019,3.484685904722414,-0.037545224233322294,14856.651879945643
2024-06-17 00:00:00+00:00,3.503504296544509,3.5692978555904387,3.451222427581443,3.54996939999977,57282.31599705971,56,0.05847508309589666,0.05682927149133951,3.1318882569678603,2.069996961001019,3.54996939999977,0.0,16136.002748942969
2024-06-16 00:00:00+00:00,3.4354958894789283,3.5043201339050714,3.2228748738192556,3.5043201339050714,128980.66478776727,82,-0.012859059037157228,-0.012942452415115255,3.0787560619365744,2.069996961001019,3.54996939999977,-0.012859059037157228,36806.18775089948
2024-06-15 00:00:00+00:00,3.8507408874213254,3.8507408874213254,3.433367260349499,3.4361388415150045,123512.71147375803,71,-0.019456353810371918,-0.019648120119607645,2.999398340889337,2.069996961001019,3.54996939999977,-0.0320652224452338,35945.20395436084
2024-06-14 00:00:00+00:00,4.1161636122351375,4.190288532048461,3.802065004580901,3.8511089309060114,187271.4888173254,69,0.12076639173522019,0.11401272963034798,3.4823912476303684,2.069996961001019,3.8511089309060114,0.0,48627.938647600895
2024-06-13 00:00:00+00:00,4.260002576788567,4.279880379175698,4.085291702035807,4.116832648867851,68585.66629102956,51,0.06899927338573764,0.06672295232868057,3.7916729867474537,2.069996961001019,4.116832648867851,0.0,16659.814022289916
2024-06-12 00:00:00+00:00,4.340827279540461,4.366772211847626,4.25489970566977,4.260168805732755,96623.66943410102,51,0.03481709583320636,0.034224692098956754,3.9585051243284255,2.069996961001019,4.260168805732755,0.0,22680.71380272022
2024-06-11 00:00:00+00:00,4.3495819442605095,4.449178598655336,4.322964996528514,4.322964996528514,71101.97018095855,59,0.01474030576235763,0.0146327233651541,4.031595005985244,2.069996961001019,4.322964996528514,0.0,16447.500786625806
2024-06-10 00:00:00+00:00,4.278998525587777,4.350208239725326,4.276188309862714,4.350208239725326,50516.96470823707,42,0.006301980982656552,0.006282206535811611,4.063304022025393,2.069996961001019,4.350208239725326,0.0,11612.53942901518
2024-06-09 00:00:00+00:00,4.4182299433251915,4.41871101932958,4.247695719934561,4.277092714457028,57265.08567007958,50,-0.01680736213972933,-0.01695020869541887,3.9782032377036636,2.069996961001019,4.350208239725326,-0.01680736213972933,13388.787546390447
2024-06-08 00:00:00+00:00,4.260809478454876,4.413251223541764,4.254101951940683,4.413251223541764,49283.17880995099,64,0.03183435996711159,0.03133815026940273,4.136681151562162,2.069996961001019,4.413251223541764,0.0,11167.091179187346
2024-06-07 00:00:00+00:00,4.76851010538951,4.782796826373919,4.095195303645887,4.261415452766172,193367.14771254524,114,-0.03440451564725089,-0.03501028572927272,3.9599561245083033,2.069996961001019,4.413251223541764,-0.03440451564725089,45376.27224001985
2024-06-06 00:00:00+00:00,5.349039997666442,5.349039997666442,4.721694726519853,4.7703073625760615,121028.68291825704,62,0.119418516089427,0.1128093684223176,4.55226672476575,2.069996961001019,4.7703073625760615,0.0,25371.254663326166
2024-06-05 00:00:00+00:00,5.605718830036663,5.657951497804724,5.349596362099338,5.349596362099338,106919.10359066883,45,0.12143640975168712,0.11461037230206841,5.226514061805061,2.069996961001019,5.349596362099338,0.0,19986.387075512113
2024-06-04 00:00:00+00:00,5.413394196438895,5.8178909487912875,5.410777500731605,5.606055374406751,169044.6999422087,58,0.047939880871081586,0.04682621867235353,5.52501240417011,2.069996961001019,5.606055374406751,0.0,30153.947589234704
2024-06-03 00:00:00+00:00,5.1420185971702095,5.436775721330507,5.1420185971702095,5.415822009293128,105448.54464823895,75,-0.03393355084969241,-0.034522659195123914,5.30359556395833,2.069996961001019,5.606055374406751,-0.03393355084969241,19470.45978750732
2024-06-02 00:00:00+00:00,5.569354355379393,5.569354355379393,5.136941804093583,5.147457346882438,123207.03586943312,80,-0.04955197234144659,-0.05082179749804552,4.991239970921401,2.069996961001019,5.606055374406751,-0.08180404881798797,23935.513704461016
2024-06-01 00:00:00+00:00,5.976272766585514,5.976272766585514,5.570993177517838,5.570993177517838,76718.07356003877,61,0.08228059060885973,0.07907047269133623,5.484202734208222,2.069996961001019,5.606055374406751,-0.006254343660068384,13770.986808894386
2024-05-31 00:00:00+00:00,6.143492512543304,6.143492512543304,6.000206880125389,6.000206880125389,46130.65769036336,34,0.07704437771341643,0.07422060225888585,5.983774098832928,2.069996961001019,6.000206880125389,0.0,7688.177859860617
2024-05-30 00:00:00+00:00,6.903971148148532,6.912052568155769,6.143139677596715,6.143139677596715,144638.6664519826,54,0.023821311552567614,0.023542010953397672,6.150136757453979,2.069996961001019,6.143139677596715,0.0,23544.74650470056
2024-05-29 00:00:00+00:00,6.336960938673966,7.126740391033461,6.272809563723451,6.847646164783119,222575.37031595389,57,0.11468182788609749,0.10856900803430083,6.970127510434375,2.069996961001019,6.847646164783119,0.0,32503.923970347754
2024-05-28 00:00:00+00:00,6.043826614750577,6.338163123377605,5.984990524306203,6.338163123377605,142648.95068501832,74,-0.07440265299129256,-0.07731596934629018,6.377128878979172,2.069996961001019,6.847646164783119,-0.07440265299129256,22506.35521810312
2024-05-27 00:00:00+00:00,5.740795406266001,6.102648509915138,5.740795406266001,6.042610663713362,115154.89395230505,66,-0.0466306174061899,-0.047752850641685315,6.0331288046673395,2.069996961001019,6.847646164783119,-0.11756382875184002,19057.142741931842
2024-05-26 00:00:00+00:00,5.539050521562821,5.855914704238252,5.534522971011953,5.741775488117406,105219.72105842458,83,-0.04978562948007059,-0.051067666664526654,5.68298005991256,2.069996961001019,6.847646164783119,-0.16149646901341297,18325.29350480119
2024-05-25 00:00:00+00:00,5.566367652998883,5.572282047072154,5.296876390659552,5.538110158603748,146479.47574746393,115,-0.03547079295161282,-0.036115165033272625,5.445929457907645,2.069996961001019,6.847646164783119,-0.19123885415023445,26449.36116337453
2024-05-24 00:00:00+00:00,5.880553693045912,5.914183592128322,5.566941498538386,5.566941498538386,106586.60458196251,66,0.005205988885910395,0.005192484574357224,5.479486895024874,2.069996961001019,6.847646164783119,-0.18702845261358447,19146.34896198336
2024-05-23 00:00:00+00:00,6.1970262642132425,6.236736321958646,5.411551139416428,5.88476347068147,482239.2441028405,173,0.05709094881390975,0.05552074747591624,5.849406949689138,2.069996961001019,6.847646164783119,-0.14061513561458172,81947.09039800982
2024-05-22 00:00:00+00:00,7.490331548982873,7.515513472716138,5.931091152060787,6.203264897183151,537997.8902808015,160,0.05412306341427131,0.05270920176099531,6.220117836377314,2.069996961001019,6.847646164783119,-0.0941025941021848,86728.18252934865
2024-05-21 00:00:00+00:00,7.2104733826862635,7.713476679809932,7.2104733826862635,7.49115888922215,244059.79924096953,101,0.20761550786325778,0.18864776065551814,7.719126267809356,2.069996961001019,7.49115888922215,0.0,32579.71201119613
2024-05-20 00:00:00+00:00,7.45087466043587,7.45087466043587,6.9396886573556,7.212550566913324,264285.423613017,91,-0.037191618336873344,-0.03790086760308769,7.394847851425984,2.069996961001019,7.49115888922215,-0.037191618336873344,36642.4361480935
2024-05-19 00:00:00+00:00,7.506250942916879,7.5257090764097345,7.433643988603069,7.4585599861582095,59831.85605614532,48,0.034108519165664264,0.03353972141648306,7.681183680259183,2.069996961001019,7.49115888922215,-0.004351650198054391,8021.904518725175
2024-05-18 00:00:00+00:00,8.391375862373321,8.39587380816644,7.382345847890016,7.507720505178516,239738.84544044742,46,0.006591154205575878,0.006569527526532398,7.7384027005827,2.069996961001019,7.507720505178516,0.0,31932.30825189689
2024-05-17 00:00:00+00:00,8.62079158945359,8.648530897893602,8.352636870319925,8.359651970009608,112594.75296711594,38,0.11347405171029812,0.10748490408524689,8.729984660494031,2.069996961001019,8.359651970009608,0.0,13468.83259865979
2024-05-16 00:00:00+00:00,8.699259421493739,8.814417519725863,8.621588791549453,8.621588791549453,73121.69936494458,25,0.03133346011048643,0.030852586408244946,9.034858746729265,2.069996961001019,8.621588791549453,0.0,8481.232535308995
2024-05-15 00:00:00+00:00,8.471030972001728,8.731477681506735,8.388521377754017,8.701930879738677,206221.6096625929,27,0.009318710290146637,0.009275558978642432,9.128370688192579,2.069996961001019,8.701930879738677,0.0,23698.373672761903
2024-05-14 00:00:00+00:00,9.183434860260503,9.222249783748572,8.465637578179441,8.465637578179441,161531.95990865116,40,-0.02715412301302167,-0.02752960915053965,8.853343664603914,2.069996961001019,8.701930879738677,-0.02715412301302167,19080.897146483923
2024-05-13 00:00:00+00:00,9.201215090625622,9.27814618864428,9.084715282420134,9.184075640778458,139500.75299866596,31,0.08486520429965294,0.08145574360601034,9.689549687735216,2.069996961001019,9.184075640778458,0.0,15189.416818309397
2024-05-12 00:00:00+00:00,9.328583069304848,9.353358939563991,9.24752572909405,9.24752572909405,34991.287419159766,17,0.006908707070515163,0.006884951305475066,9.763400655243496,2.069996961001019,9.24752572909405,0.0,3783.8540215219004
2024-05-11 00:00:00+00:00,8.862493457748286,9.363476245805591,8.857278094297172,9.32612683877887,159850.85642334973,35,0.008499690834871565,0.008463771852708664,9.854886233144919,2.069996961001019,9.32612683877887,0.0,17140.111772732445
2024-05-10 00:00:00+00:00,8.856784875992766,9.028863280357642,8.67767292339736,8.839619173258056,255428.67616201084,41,-0.052166100025347384,-0.053576003075557065,9.288629152142915,2.069996961001019,9.32612683877887,-0.052166100025347384,28895.8914581686
2024-05-09 00:00:00+00:00,8.762686595727352,8.894027512331215,8.546861138651055,8.892466972839655,131223.18372087248,28,0.005978515425356434,0.005960715013468136,9.350139880234774,2.069996961001019,9.32612683877887,-0.046499460433673256,14756.668101401858
2024-05-08 00:00:00+00:00,9.474536637596731,9.474536637596731,8.744223559013573,8.744223559013573,156878.9344850666,35,-0.01667067353512397,-0.016811193106165183,9.177596077248513,2.069996961001019,9.32612683877887,-0.06239495664434802,17940.865009490215
2024-05-07 00:00:00+00:00,9.517363671984768,9.713311157118547,9.30084326371932,9.476166340937217,236560.27679096695,32,0.0837058633032266,0.08038652238084874,10.029520543246132,2.069996961001019,9.476166340937217,0.0,24963.71088053004
2024-05-06 00:00:00+00:00,8.388716880283038,9.539804901275435,8.281598517246437,9.518217462687431,357050.41781816026,64,0.0044375668637803845,0.004427749895532705,10.078464778132226,2.069996961001019,9.518217462687431,0.0,37512.31984537454
2024-05-05 00:00:00+00:00,8.34333095188768,8.499966005464994,8.295020369807611,8.389819534225975,120760.26675353602,36,-0.11855139188455333,-0.12618857933672223,8.76509735874065,2.069996961001019,9.518217462687431,-0.11855139188455333,14393.666783999197
2024-05-04 00:00:00+00:00,7.884295699433096,8.334639380850698,7.882990090384385,8.334117604287625,112880.49617216305,36,-0.0066392286164339565,-0.006661366334061652,8.700264644914236,2.069996961001019,9.518217462687431,-0.12440353070746923,13544.384844544287
2024-05-03 00:00:00+00:00,7.326583586675356,7.891426253571707,7.321741975510707,7.891426253571707,138692.51725186073,64,-0.05311796302084437,-0.054580758518851066,8.185006346213278,2.069996961001019,9.518217462687431,-0.17091343158453187,17575.08881098492
2024-05-02 00:00:00+00:00,7.966761550217504,7.966761550217504,7.100381885234699,7.327500833862598,230081.07529937619,62,-0.07146051950417365,-0.0741423783654881,7.528641021063745,2.069996961001019,9.518217462687431,-0.2301603884774338,31399.665522534222
2024-05-01 00:00:00+00:00,7.758321548874855,7.988246570100063,7.642543485554206,7.96649701256962,248940.22739700414,52,0.0872052004080337,0.08361036714728787,8.272382870513786,2.069996961001019,9.518217462687431,-0.16302637087256555,31248.39273826673
2024-04-30 00:00:00+00:00,8.998537739434186,8.998537739434186,7.199732440705514,7.766532330194354,403740.12270381005,83,-0.02510070386767982,-0.025421099336791108,8.039639533933272,2.069996961001019,9.518217462687431,-0.18403499808235058,51984.60593979226
2024-04-29 00:00:00+00:00,9.549484448342662,9.549484448342662,8.97972283114907,8.981641002413719,117421.85847461213,27,0.1564544664927645,0.14535883009650988,9.453931514501704,2.069996961001019,9.518217462687431,-0.056373629030557204,13073.54173285887
2024-04-28 00:00:00+00:00,9.042239360541819,9.618524337026038,9.042239360541819,9.558364579557542,95758.4542698918,43,0.06421138152692096,0.062234038036417506,10.125192899435676,2.069996961001019,9.558364579557542,0.0,10018.288533865954
2024-04-27 00:00:00+00:00,9.491145973017346,9.492022860244717,9.02136125901045,9.02136125901045,108628.71635458723,42,-0.056181506373546464,-0.05782140502438486,9.500162803649097,2.069996961001019,9.558364579557542,-0.056181506373546464,12041.277722482282
2024-04-26 00:00:00+00:00,10.179007688247049,10.196696742366484,9.484945840176117,9.49947392194754,109483.02471693516,32,0.052997840260476936,0.0516411821150503,10.056648754625893,2.069996961001019,9.558364579557542,-0.006161164613447734,11525.167142570504
2024-04-25 00:00:00+00:00,10.769527914540694,10.868399291081605,10.155458487086221,10.177821228064388,138670.8379760359,55,0.07140893397786985,0.06897454303166486,10.846192255561471,2.069996961001019,10.177821228064388,0.0,13624.805827170952
2024-04-24 00:00:00+00:00,10.987465577074724,11.140509875272178,10.724120360518064,10.760729098845168,97895.04469271813,44,0.05727236288779225,0.05569234908603089,11.524651677260541,2.069996961001019,10.760729098845168,0.0,9097.436037417217
2024-04-23 00:00:00+00:00,10.873921727886312,11.077940618273832,10.58478426113564,10.956266692316401,207666.74527604913,55,0.01817140750176649,0.018008280675354177,11.752242226705725,2.069996961001019,10.956266692316401,0.0,18954.152094680685
2024-04-22 00:00:00+00:00,9.573616344193894,10.951203658996855,9.505465187515448,10.87757235975727,283513.97857401957,79,-0.007182586438345795,-0.007208505396997079,11.660648144629688,2.069996961001019,10.956266692316401,-0.007182586438345795,26064.08573505882
2024-04-21 00:00:00+00:00,10.39510659414853,10.401531551681527,9.550478883084994,9.573307297278669,144744.6892555466,50,-0.11990405757298084,-0.1277243519674821,10.142585060584757,2.069996961001019,10.956266692316401,-0.12622542275350024,15119.611724643173
2024-04-20 00:00:00+00:00,10.358035539716441,10.601796349841043,9.86838141341822,10.355743072260157,206098.0915523589,69,0.08173097871870305,0.07856251616304001,11.053279443042749,2.069996961001019,10.956266692316401,-0.05481097137562274,19901.81584404427
2024-04-19 00:00:00+00:00,10.340373620528677,11.052579912687396,9.720039454023725,10.344597223100982,408290.54075080395,119,-0.0010762964165297317,-0.001076876039452556,11.04030654157077,2.069996961001019,10.956266692316401,-0.05582827494007436,39468.96451792556
2024-04-18 00:00:00+00:00,9.315119803117222,10.424302979000375,8.745422932124571,10.338928539915138,410726.5571428642,116,-0.0005479849107304924,-0.0005481351093352389,11.03370863526542,2.069996961001019,10.956266692316401,-0.05634566679854558,39726.220715926866
2024-04-17 00:00:00+00:00,9.741250517700998,9.798237594579176,9.278489763017793,9.323896592521587,143704.21685837806,74,-0.0981757387600517,-0.10333561023001403,9.852290399975024,2.069996961001019,10.956266692316401,-0.14898962809472227,15412.463601713347
2024-04-16 00:00:00+00:00,10.334938880529284,10.334938880529284,9.620889965474671,9.755956176284677,162293.89961392857,78,0.0463389506174523,0.04529735771898369,10.355174148905718,2.069996961001019,10.956266692316401,-0.10955470049606386,16635.365788997868
2024-04-15 00:00:00+00:00,10.588734756577423,11.272610808415811,10.267407356542453,10.331323311379373,375745.13800695445,105,0.05897598602311582,0.05730239027445372,11.024856740801628,2.069996961001019,10.956266692316401,-0.05703981095817057,36369.50724338403
2024-04-14 00:00:00+00:00,10.027637691932622,11.080311484618525,9.97012665403701,10.585027453453371,485121.5964585581,143,0.024556790493097447,0.024260119559812967,11.320148628495003,2.069996961001019,10.956266692316401,-0.03388373515253873,45830.924727577054
2024-04-13 00:00:00+00:00,11.86284914401532,12.019172272639086,9.599821733111021,10.045813576528113,653326.3505043102,150,-0.05094118832439487,-0.052284510031498796,10.692545617026305,2.069996961001019,10.956266692316401,-0.0830988457433941,65034.6878853891
2024-04-12 00:00:00+00:00,12.122587316301262,12.738652103226613,11.29066127349876,11.86703035668695,527976.8280404755,111,0.18129111856247082,0.16660800858503824,12.812300290779719,2.069996961001019,11.86703035668695,0.0,44491.065765494226
2024-04-11 00:00:00+00:00,13.120733456018748,13.120733456018748,11.876312042986397,12.11423142370524,561167.776205038,114,0.020830912164895077,0.020616915443085585,13.100023104932106,2.069996961001019,12.11423142370524,0.0,46323.019313213685
2024-04-10 00:00:00+00:00,13.084425073457865,13.505709939645987,12.55163425179998,13.140922010061958,370085.81678930117,114,0.08475078198916353,0.08135026658950732,14.295011089140376,2.069996961001019,13.140922010061958,0.0,28162.850103358633
2024-04-09 00:00:00+00:00,15.099075922850435,15.4288030418293,13.040816189090386,13.08257547363059,645564.5371638484,119,-0.004440064128429788,-0.00444995048806282,14.227100259059547,2.069996961001019,13.140922010061958,-0.004440064128429788,49345.370754027506
2024-04-08 00:00:00+00:00,14.827549056543539,15.248123969899618,14.548327336725137,15.095015931497016,272834.00506367936,92,0.15382601552138797,0.14308339027356712,16.569424419855373,2.069996961001019,15.095015931497016,0.0,18074.443001705506
2024-04-07 00:00:00+00:00,16.964832669123997,17.071978421791332,14.825804236559133,14.825804236559133,678023.5478444372,140,-0.0178344757077169,-0.017995426489585267,16.256082946840895,2.069996961001019,15.095015931497016,-0.0178344757077169,45732.665629867864
2024-04-06 00:00:00+00:00,16.113703411498342,17.157995162101887,15.912403360977944,16.94536116154958,726557.155578884,225,0.14296404371533566,0.13362492650101193,18.723082343608514,2.069996961001019,16.94536116154958,0.0,42876.46327819214
2024-04-05 00:00:00+00:00,13.900782754909594,16.146044894944282,13.800766246915746,16.11054643087704,616688.892173996,188,-0.049265089289852626,-0.05052000323303117,17.751422930879524,2.069996961001019,16.94536116154958,-0.049265089289852626,38278.58321379259
2024-04-04 00:00:00+00:00,13.933360481189037,14.076410287237994,13.649578517140373,13.890976959361613,340973.5240325308,123,-0.13777120974999713,-0.14823462561211243,15.168016709158415,2.069996961001019,16.94536116154958,-0.18024898808994505,24546.403397691683
2024-04-03 00:00:00+00:00,13.000844807844421,14.322896990458963,13.000844807844421,13.85620495513385,398910.92337036866,156,-0.0025032079694242704,-0.00250634623273779,15.127544800882266,2.069996961001019,16.94536116154958,-0.18230099535590194,28789.334789867447
2024-04-02 00:00:00+00:00,15.690433209346782,15.690433209346782,12.892204346860598,13.004751850434129,976608.3219570824,199,-0.06144922851940415,-0.06341832587798818,14.136519614955922,2.069996961001019,16.94536116154958,-0.23254796835236646,75096.26736356995
2024-04-01 00:00:00+00:00,17.622462548658927,17.629087639480588,13.319943461210546,15.681486788523985,1456806.5819205507,330,0.20582745206326258,0.18716601349444129,17.252030880407897,2.069996961001019,16.94536116154958,-0.07458527209755972,92899.77420933517
2024-03-31 00:00:00+00:00,16.47810000570231,17.822147899570492,15.932294720712072,17.60856498926199,1188336.9702260562,315,0.12288874305899844,0.11590459966321255,19.495000013575247,2.069996961001019,17.60856498926199,0.0,67486.30402027223
2024-03-30 00:00:00+00:00,15.638407318208019,17.570730811126218,14.768544393894702,16.466705527055268,2403529.425852375,648,-0.0648468210159685,-0.06704493532134899,18.16596441597266,2.069996961001019,17.60856498926199,-0.0648468210159685,145962.98099236106
2024-03-29 00:00:00+00:00,9.5886224225819,15.635515918463517,9.5886224225819,15.635515918463517,1417603.159696121,483,-0.05047698261355815,-0.0517955074370557,17.198524363375533,2.069996961001019,17.60856498926199,-0.11205053177255908,90665.58258062438
2024-03-28 00:00:00+00:00,10.09307100159407,10.223647127035774,9.161928409648214,9.598566594614189,452718.33835628815,115,-0.3861049008763743,-0.48793121376409065,10.17198491795814,2.069996961001019,17.60856498926199,-0.4548921731857444,47165.20262622453
2024-03-27 00:00:00+00:00,10.789179497450176,10.897340941722893,9.713063052240743,10.078873488469078,317886.4602816775,85,0.050039439651790474,0.048827725037147565,10.73102478305102,2.069996961001019,17.60856498926199,-0.4276152829821538,31539.8799920806
2024-03-26 00:00:00+00:00,9.365587409479678,10.921360937078092,9.126247116425853,10.816048279779567,510910.29688539385,160,0.073140593753247,0.0705894837260506,11.589038901017426,2.069996961001019,17.60856498926199,-0.38575072492418416,47236.318077511976
2024-03-25 00:00:00+00:00,10.436626273075698,10.807333173403721,9.063281607684582,9.370331353962422,724357.1228632117,180,-0.13366405996170427,-0.14348252411952128,9.906336850491606,2.069996961001019,17.60856498926199,-0.4678537768593515,77303.25593629126
2024-03-24 00:00:00+00:00,10.480418343298473,10.742858721535068,9.958672662528944,10.430165100175739,421994.59612847294,133,0.11310525809368999,0.1071536393345535,11.13990089482318,2.069996961001019,17.60856498926199,-0.40766524094744605,40459.052380806774
2024-03-23 00:00:00+00:00,11.721079793937443,11.835084568423516,10.465967481060302,10.47935523862081,387550.88358768396,99,0.004716141880078517,0.004705055725217053,11.197154389853258,2.069996961001019,17.60856498926199,-0.4048717061832521,36982.321408419935
2024-03-22 00:00:00+00:00,11.414517044154813,11.98268120212549,11.279256740755523,11.725018886029453,401109.0248772496,119,0.11886834819931003,0.1123177711119151,12.64700998490708,2.069996961001019,17.60856498926199,-0.33412978893058154,34209.66983304201
2024-03-21 00:00:00+00:00,10.854606270533136,12.211768163863345,10.540924123575568,11.407430830611766,892416.2361254299,213,-0.02708635768562373,-0.027459954779839545,12.277362191116607,2.069996961001019,17.60856498926199,-0.35216578763980955,78231.13279202506
2024-03-20 00:00:00+00:00,10.675426810532128,10.843982741109647,9.881180720135637,10.760646523080958,706323.4215711786,188,-0.056698507940558085,-0.058369331583234145,11.524555565493916,2.069996961001019,17.60856498926199,-0.388897020873479,65639.49666557266
2024-03-19 00:00:00+00:00,11.431671960425032,11.437081561662971,10.361733851775314,10.6521058587467,481017.8866888429,184,-0.010086816261592135,-0.01013803289230175,11.398222674746677,2.069996961001019,17.60856498926199,-0.39506110434083985,45157.06969752536
2024-03-18 00:00:00+00:00,13.74060209788375,13.74060209788375,10.714898199623892,11.418133843010194,747551.0563343577,157,0.071913290613282,0.06944517375525348,12.289819665043916,2.069996961001019,17.60856498926199,-0.35155795773402476,65470.51090944987
2024-03-17 00:00:00+00:00,11.717507233181534,14.115333755941457,11.649515567849749,13.75156096371805,568534.7308984182,98,0.20436151413098935,0.18594956272348223,15.005747334320088,2.069996961001019,17.60856498926199,-0.21904136015035902,41343.28694745515
2024-03-16 00:00:00+00:00,12.307886802140917,12.376720200790013,10.544915376707712,11.69134868101676,855484.1508331225,151,-0.14981661268396573,-0.16230320298484271,12.607820485216838,2.069996961001019,17.60856498926199,-0.3360419382189094,73172.40928945794
2024-03-15 00:00:00+00:00,13.60776212498323,13.886719066839804,11.703990427449979,12.304066120813172,571844.099520653,94,0.052407763767347015,0.05108064735875329,13.320975926594548,2.069996961001019,17.60856498926199,-0.30124538096566034,46476.02621001357
2024-03-14 00:00:00+00:00,14.768025407458525,15.056880383589723,13.138792086288094,13.612013913030692,798326.487024185,123,0.10630207765260935,0.10102299207613609,14.84332542160455,2.069996961001019,17.60856498926199,-0.22696631319295257,58648.66816363979
2024-03-13 00:00:00+00:00,15.758915326761686,16.20753431292243,14.8064405585815,14.810127527876547,585848.121404961,109,0.08801883560366552,0.08435846041961959,16.237836477304135,2.069996961001019,17.60856498926199,-0.15892478819778766,39557.26379143198
2024-03-12 00:00:00+00:00,18.33686719234618,18.359329304209258,15.131865646764131,15.770014082969704,1046984.6328451562,163,0.0648128487270887,0.06279905482450471,17.35506976528994,2.069996961001019,17.60856498926199,-0.10441230772714671,66390.84957925383
2024-03-11 00:00:00+00:00,18.919287864164602,18.9486373095066,17.73205301781609,18.327055210899093,1224691.7676628497,169,0.16214577326793767,0.15026810087812825,20.33126674576982,2.069996961001019,18.327055210899093,0.0,66824.25264559283
2024-03-10 00:00:00+00:00,18.56313094385836,20.190085830332016,18.550532141622924,18.968680537459697,1389312.3925189641,213,0.03500973392490403,0.034410831431469315,21.078068718820376,2.069996961001019,18.968680537459697,0.0,73242.43717296649
2024-03-09 00:00:00+00:00,16.56605217735614,18.721395283267704,16.56605217735614,18.475600772702933,999954.9664840777,180,-0.025994415572713203,-0.026338241857797325,20.50416222550044,2.069996961001019,18.968680537459697,-0.025994415572713203,54123.001399850385
2024-03-08 00:00:00+00:00,17.770601242455133,18.30923819565103,15.602270113100298,16.351890729043777,1167788.6736815039,183,-0.11494673812160217,-0.12210745287168254,18.03232892164139,2.069996961001019,18.968680537459697,-0.1379531804148546,71416.12508499154
2024-03-07 00:00:00+00:00,16.526608596645477,18.077883070742804,16.339263733120074,17.955633631833265,1106924.6972771948,196,0.09807690923111201,0.09356038547139217,19.89896091774588,2.069996961001019,18.968680537459697,-0.05340629273743358,61647.7658195668
2024-03-06 00:00:00+00:00,17.17569219342769,18.912697600033066,15.917960405738752,16.315722374637037,1924073.5872748257,289,-0.09133129416768981,-0.09577471126681858,17.99023177036818,2.069996961001019,18.968680537459697,-0.13985992107271505,117927.57581275214
2024-03-05 00:00:00+00:00,14.65205226499553,17.17771512679703,14.65205226499553,17.17268662644778,1489888.8659749958,258,0.05252383143898709,0.05119092901543233,18.987671502862295,2.069996961001019,18.968680537459697,-0.09468206855322137,86759.21819247589
2024-03-04 00:00:00+00:00,12.661994128792262,15.589946446427678,12.525682169769635,14.631964081377378,1985382.9381512767,381,-0.14795137186964202,-0.16011167851117938,16.030468083534068,2.069996961001019,18.968680537459697,-0.22862509848895884,135688.06806176787
2024-03-03 00:00:00+00:00,12.182022815533498,12.67093065012277,11.665179068525136,12.660794654540242,740132.6462336387,163,-0.13471666659884118,-0.1446982726191278,13.736180192702403,2.069996961001019,18.968680537459697,-0.3325421539185357,58458.62494643829
2024-03-02 00:00:00+00:00,13.041732519113875,13.041732519113875,12.06609282758327,12.160882601843301,783419.9801036586,115,-0.03948504547600962,-0.0402857273746978,13.154321447650876,2.069996961001019,18.968680537459697,-0.35889675732438175,64421.30935339436
2024-03-01 00:00:00+00:00,9.789949382961739,13.357729177570029,9.789949382961739,13.037041395060806,2295101.5808893708,282,0.0720473029716362,0.06957018758146813,14.174102133347708,2.069996961001019,18.968680537459697,-0.3127069977632331,176044.66468587646
2024-02-29 00:00:00+00:00,8.353626016907384,10.261928875754451,8.332102830917844,9.793818464088654,1103373.235245117,159,-0.24876985756913184,-0.28604322618640504,10.399242906895338,2.069996961001019,18.968680537459697,-0.4836847800379346,112660.16817555841
2024-02-28 00:00:00+00:00,9.535381326057209,9.55752669785326,7.886382737918875,8.335600427713253,747488.7494601597,134,-0.1488916750624183,-0.16121586716110953,8.7019905360443,2.069996961001019,18.968680537459697,-0.5605598179983075,89674.25393556467
2024-02-27 00:00:00+00:00,9.050443267092557,9.974176691659336,9.02572193031355,9.564786701313954,720369.8086552212,119,0.14746223553543225,0.13755275220223673,10.132667749633,2.069996961001019,18.968680537459697,-0.4957589863762406,75314.78026125362
2024-02-26 00:00:00+00:00,8.887891201354575,9.546238008003575,7.910751679527684,9.044610601622187,1256886.2465730058,185,-0.054384495539279376,-0.05591923603841123,9.527223230062805,2.069996961001019,18.968680537459697,-0.5231818795323837,138965.21386421856
2024-02-25 00:00:00+00:00,7.960069369022434,9.855392560032103,7.099382576409916,8.876498771946533,1628827.010247839,313,-0.018586961570850047,-0.01876186987438841,9.331554136437868,2.069996961001019,18.968680537459697,-0.5320444796138002,183498.81547842003
2024-02-24 00:00:00+00:00,9.017967254047448,9.051582113107381,7.2457752425874,7.969071845267785,1086677.0664938125,312,-0.10222802368278339,-0.10783916684699661,8.27537977549814,2.069996961001019,18.968680537459697,-0.5798826476343298,136361.81070937464
2024-02-23 00:00:00+00:00,10.482425822829422,10.48698570684196,8.814238603316806,9.0169984088689,1099098.725592294,183,0.13149919889646844,0.12354347808985082,9.49508478543665,2.069996961001019,18.968680537459697,-0.5246375523557388,121891.86198716052
2024-02-22 00:00:00+00:00,10.787422319627455,11.366772708774345,10.087278501802395,10.508652252395205,1285842.5620191214,218,0.16542687221272545,0.15308743382098094,11.231253835098798,2.069996961001019,18.968680537459697,-0.4459998294745633,122360.3684978769
2024-02-21 00:00:00+00:00,10.63958172846282,10.770081033349507,8.352937280368488,10.770081033349507,1962305.8970109646,401,0.024877479497403376,0.02457307324817378,11.535536601609005,2.069996961001019,18.968680537459697,-0.4322177015907588,182199.73377495428
2024-02-20 00:00:00+00:00,10.668673058723245,11.603334910889801,9.071367036054134,10.634522985915295,3444388.110696335,704,-0.012586539229784588,-0.01266642071007456,11.377757578406452,2.069996961001019,18.968680537459697,-0.43936411576366396,323887.4103952
2024-02-19 00:00:00+00:00,8.796022050583712,10.960452957528835,8.736832494737977,10.65720619536667,2699947.9292238355,682,0.0021329785530972423,0.002130706983908664,11.40415906985663,2.069996961001019,18.968680537459697,-0.4381682914464913,253344.81474119038
2024-02-18 00:00:00+00:00,6.004944555815701,8.965984604485476,5.718344399697873,8.798740799637159,2446465.897053289,627,-0.1743857969584467,-0.1916276811063587,9.241049904860338,2.069996961001019,18.968680537459697,-0.5361437616991206,278047.2743502316
2024-02-17 00:00:00+00:00,6.922754928517037,7.556735286519013,6.006937329354816,6.006937329354816,785388.7956291201,234,-0.31729579650732187,-0.38169359741752246,5.991607818226444,2.069996961001019,18.968680537459697,-0.6833233962956882,130746.96015073557
2024-02-16 00:00:00+00:00,5.170066170272119,8.45118659298789,5.163028384896745,6.920563045856748,2709490.30312874,469,0.15209509711999303,0.1415821084499974,7.054997088364498,2.069996961001019,18.968680537459697,-0.6351584374996514,391512.98603527306
2024-02-15 00:00:00+00:00,4.992297335745477,5.355066011902939,4.94660107159802,5.1695221262423035,393875.63808795495,115,-0.25302000834495253,-0.2917168791410445,5.016921657847944,2.069996961001019,18.968680537459697,-0.7274706526880752,76191.88553009655
2024-02-14 00:00:00+00:00,5.472132237542356,5.472132237542356,4.81589591851904,4.996943481476862,696431.8713100754,163,-0.03338386809283045,-0.033953830379599786,4.816053538897454,2.069996961001019,18.968680537459697,-0.7365687364701616,139371.57262067788
2024-02-13 00:00:00+00:00,6.189273858857806,6.219291325519466,4.736803420327741,5.467925362103073,1027715.1420574862,236,0.09425399394091416,0.09007284701678667,5.364239813912727,2.069996961001019,18.968680537459697,-0.7117392877535729,187953.39621501463
2024-02-12 00:00:00+00:00,4.468637206951239,6.365721974316927,4.468637206951239,6.193971403412239,1804982.7024335016,311,0.13278272712740802,0.12467719589562933,6.209300932496887,2.069996961001019,18.968680537459697,-0.6734632442578032,291409.595698027
2024-02-11 00:00:00+00:00,4.358793070336979,4.532315706052567,4.26396598205606,4.466121782901804,314146.37533698895,127,-0.27895666737475866,-0.3270560427746743,4.198218370265815,2.069996961001019,18.968680537459697,-0.764552849415012,70339.85874269565
2024-02-10 00:00:00+00:00,3.7842347616579928,4.5231174524867335,3.5674130953489334,4.341332891730614,557401.856894767,165,-0.0279412199749981,-0.028339003073381937,4.0529738073041415,2.069996961001019,18.968680537459697,-0.7711315300419936,128394.17542858969
2024-02-09 00:00:00+00:00,3.0038077841607884,3.851014646970425,2.610926040805336,3.787832844117992,538865.0322001483,153,-0.1274954170565752,-0.13638737226212957,3.408742804365949,2.069996961001019,18.968680537459697,-0.8003112110703899,142262.0940195223
2024-02-08 00:00:00+00:00,3.0851700196656084,3.1587047672934965,1.8400503017189935,3.037984525704123,985690.6366927333,259,-0.1979623571769501,-0.22059973602874947,2.5359776866267483,2.069996961001019,18.968680537459697,-0.8398420744287061,324455.45010281994
2024-02-07 00:00:00+00:00,3.6886995888045857,3.689854194821022,2.900973657158349,2.929945755880701,532245.6576718336,210,-0.03556264652084806,-0.03621040107435729,2.4102289620516353,2.069996961001019,18.968680537459697,-0.8455377141233102,181657.17116214937
2024-02-06 00:00:00+00:00,3.8771676696571307,3.8771676696571307,3.5429327960972925,3.688317222766842,403169.7447578672,222,0.25883464407626366,0.23018640733898843,3.2929143616628362,2.069996961001019,18.968680537459697,-0.8055575233352111,109309.94282954432
2024-02-05 00:00:00+00:00,4.528607875879539,4.594990456089696,3.8784673080576755,3.8784673080576755,396530.5327083834,139,0.0515546992859226,0.050269735050999596,3.514234270638582,2.069996961001019,18.968680537459697,-0.795533099922348,102238.97772312658
2024-02-04 00:00:00+00:00,4.182283682389142,4.52973486805815,3.8565059200972454,4.518190790418186,392252.28419814655,164,0.1649423423091536,0.15267159421278956,4.258822644969963,2.069996961001019,18.968680537459697,-0.7618078504988484,86816.22852890663
2024-02-03 00:00:00+00:00,4.503900828585755,4.505786026498419,3.775221269799895,4.183411080733858,673516.6739057386,275,-0.07409596566712084,-0.07698468433611709,3.8691651028187914,2.069996961001019,18.968680537459697,-0.7794569278304634,160997.00959523913
2024-02-02 00:00:00+00:00,4.744594190575364,4.773854904925592,4.067594379366686,4.58047435942918,697618.5283694305,254,0.09491376081206648,0.09067560291769479,4.331315874742195,2.069996961001019,18.968680537459697,-0.7585243554298057,152302.68169351085
2024-02-01 00:00:00+00:00,4.845137941875734,5.05008654964588,4.5190756083315575,4.7587971442280335,607047.8458660181,194,0.03893107368492621,0.03819237082601292,4.5388697258994,2.069996961001019,18.968680537459697,-0.7491234493179284,127563.29540171914
2024-01-31 00:00:00+00:00,6.077375593717872,6.38229222798822,4.8542710875620765,4.8542710875620765,766858.2045084834,174,0.02006262096081235,0.019864018510536187,4.6499939697614385,2.069996961001019,18.968680537459697,-0.744090208173638,157975.97428651573
2024-01-30 00:00:00+00:00,5.08085441128226,6.112747960595454,4.77321871540163,6.071105743686342,848937.3472478108,225,0.25067299171694746,0.2236817998060553,6.066294861344251,2.069996961001019,18.968680537459697,-0.6799405350468626,139832.40995771895
2024-01-29 00:00:00+00:00,5.292145317025103,5.4813352914469515,4.4248842925453635,5.092262088196397,1267190.3102510138,419,-0.16122988081831646,-0.17581860388207327,4.926996983022636,2.069996961001019,18.968680537459697,-0.731543684436031,248846.24716946448
2024-01-28 00:00:00+00:00,6.223335949693271,6.407216754568214,5.19255397922397,5.28826279216583,651197.8305908177,181,0.038489908919604465,0.03776764731003067,5.155126557065947,2.069996961001019,18.968680537459697,-0.7212108253010814,123140.21753145836
2024-01-27 00:00:00+00:00,5.833463690414248,6.352354266067356,5.807323388344028,6.22297385560868,757915.3240380595,151,0.17675200726173346,0.16275810706501348,6.243057530977356,2.069996961001019,18.968680537459697,-0.6719342790702054,121793.10754374467
2024-01-26 00:00:00+00:00,5.85600832606613,5.954047431054391,4.892738164143706,5.824338364839903,1648499.2956081768,407,-0.06405867998456916,-0.0662024967609952,5.779076826490654,2.069996961001019,18.968680537459697,-0.6929497361011541,283036.31972341466
2024-01-25 00:00:00+00:00,7.365194226541235,7.371975817457625,5.517189309571879,5.873726471419149,2390659.533089852,558,0.008479608066280786,0.008443858144519012,5.8365607410305005,2.069996961001019,18.968680537459697,-0.6903460702066437,407008.9992652051
2024-01-24 00:00:00+00:00,7.499131138387842,8.148376386326111,6.482135196177076,7.374470598206031,2221551.7683311407,428,0.2555011940187075,0.22753485064548254,7.583310173345213,2.069996961001019,18.968680537459697,-0.6112291214118561,301248.9830621295
2024-01-23 00:00:00+00:00,6.064225416145526,8.247861172743912,5.8505275066303115,7.525916736645263,3019958.3436129256,632,0.020536543799642093,0.020328512327386583,7.759581698666031,2.069996961001019,18.968680537459697,-0.6032451112357053,401274.4824704367
2024-01-22 00:00:00+00:00,5.517049475332797,7.09905165679977,5.132697320103754,6.108195616039709,3658358.4685873254,714,-0.18837852851897396,-0.20872121563741547,6.1094645878295895,2.069996961001019,18.968680537459697,-0.6779852133638324,598926.2130015488
2024-01-21 00:00:00+00:00,4.068683406455648,6.606174089820921,3.2249540319751357,5.505488121631496,5250795.976466352,1260,-0.09867193722898204,-0.10388597802185057,5.407959944287597,2.069996961001019,18.968680537459697,-0.7097590361776004,953738.4988327487
2024-01-20 00:00:00+00:00,5.635854032528789,5.8599496804456015,3.7727829170263703,4.0704034464609435,4344591.485063162,1120,-0.2606643849674276,-0.30200331358702426,3.737633006513959,2.069996961001019,18.968680537459697,-0.7854145185047195,1067361.3911271163
2024-01-19 00:00:00+00:00,3.693237235266335,6.942077241749443,3.192284870452403,5.67287662027001,7317940.139235798,1481,0.39368902736222733,0.33195420808530374,5.602787136847624,2.069996961001019,18.968680537459697,-0.7009345690087874,1289987.5370262307
